accuracy,Fuzzy Accuracy,FPI,RMSE
0.29441860465116276,0.16327056782234275,0.09783372724492645,0.9354466121742615
